{
    "key": "group_63dab1656f3a0",
    "title": "Categorie instellingen",
    "fields": [
        {
            "key": "field_63dab1655e239",
            "label": "Achtergrond Afbeelding",
            "name": "tv_background",
            "aria-label": "",
            "type": "post_object",
            "instructions": "",
            "required": 1,
            "conditional_logic": 0,
            "wrapper": {
                "width": "",
                "class": "",
                "id": ""
            },
            "post_type": [
                "attachment"
            ],
            "taxonomy": "",
            "return_format": "id",
            "multiple": 1,
            "allow_null": 0,
            "ui": 1
        },
        {
            "key": "field_645e8ce038af3",
            "label": "Icon",
            "name": "icon",
            "aria-label": "",
            "type": "text",
            "instructions": "Ga naar https:\/\/fonts.google.com\/icons?icon.set=Material+Icons Kies een icoon en kopieër de tekst uit het 2 veld onder \"icon font\"",
            "required": 0,
            "conditional_logic": 0,
            "wrapper": {
                "width": "",
                "class": "",
                "id": ""
            },
            "default_value": "",
            "maxlength": "",
            "placeholder": "",
            "prepend": "",
            "append": ""
        }
    ],
    "location": [
        [
            {
                "param": "taxonomy",
                "operator": "==",
                "value": "category"
            }
        ]
    ],
    "menu_order": 0,
    "position": "normal",
    "style": "default",
    "label_placement": "top",
    "instruction_placement": "label",
    "hide_on_screen": "",
    "active": true,
    "description": "",
    "show_in_rest": 1,
    "modified": 1688225520
}