{
    "key": "group_63dce40d863f0",
    "title": "Kabelkrant Dia",
    "fields": [
        {
            "key": "field_63dce40d5a50d",
            "label": "Dia Type",
            "name": "type",
            "aria-label": "",
            "type": "select",
            "instructions": "Selecteer hier het diatype",
            "required": 1,
            "conditional_logic": 0,
            "wrapper": {
                "width": "",
                "class": "",
                "id": ""
            },
            "choices": {
                "postblock": "Nieuws Items",
                "image": "Afbeelding",
                "textSlide": "Tekst Dia"
            },
            "default_value": false,
            "return_format": "value",
            "multiple": 0,
            "allow_null": 0,
            "ui": 0,
            "ajax": 0,
            "placeholder": ""
        },
        {
            "key": "field_63dce4ec88266",
            "label": "Standaard dia instellingen",
            "name": "postblock",
            "aria-label": "",
            "type": "group",
            "instructions": "",
            "required": 0,
            "conditional_logic": [
                [
                    {
                        "field": "field_63dce40d5a50d",
                        "operator": "==",
                        "value": "postblock"
                    }
                ]
            ],
            "wrapper": {
                "width": "",
                "class": "",
                "id": ""
            },
            "layout": "block",
            "sub_fields": [
                {
                    "key": "field_63dce50788267",
                    "label": "Categorie",
                    "name": "category",
                    "aria-label": "",
                    "type": "taxonomy",
                    "instructions": "Selecteer hier welke categorieën moeten worden meegenomen bij het afspelen van de dia's",
                    "required": 1,
                    "conditional_logic": 0,
                    "wrapper": {
                        "width": "",
                        "class": "",
                        "id": ""
                    },
                    "taxonomy": "category",
                    "add_term": 1,
                    "save_terms": 1,
                    "load_terms": 1,
                    "return_format": "id",
                    "field_type": "checkbox",
                    "multiple": 0,
                    "allow_null": 0
                },
                {
                    "key": "field_645e545fe82ad",
                    "label": "Stadaard lengte",
                    "name": "standardLength",
                    "aria-label": "",
                    "type": "number",
                    "instructions": "",
                    "required": 1,
                    "conditional_logic": 0,
                    "wrapper": {
                        "width": "",
                        "class": "",
                        "id": ""
                    },
                    "default_value": "",
                    "min": 0,
                    "max": "",
                    "placeholder": "",
                    "step": "",
                    "prepend": "",
                    "append": "Seconden"
                },
                {
                    "key": "field_6470b97f4c88d",
                    "label": "Standaard Afbeelding lengte",
                    "name": "standardImageLength",
                    "aria-label": "",
                    "type": "number",
                    "instructions": "",
                    "required": 1,
                    "conditional_logic": 0,
                    "wrapper": {
                        "width": "",
                        "class": "",
                        "id": ""
                    },
                    "default_value": "",
                    "min": "",
                    "max": "",
                    "placeholder": "",
                    "step": "",
                    "prepend": "",
                    "append": "Seconden"
                },
                {
                    "key": "field_64711bda7d527",
                    "label": "Items van categorieën door elkaar laten zien",
                    "name": "mixSlides",
                    "aria-label": "",
                    "type": "true_false",
                    "instructions": "",
                    "required": 0,
                    "conditional_logic": 0,
                    "wrapper": {
                        "width": "",
                        "class": "",
                        "id": ""
                    },
                    "message": "",
                    "default_value": 1,
                    "ui": 0,
                    "ui_on_text": "",
                    "ui_off_text": ""
                }
            ]
        },
        {
            "key": "field_63dce550d7a9c",
            "label": "Afbeeldingen dia instellingen",
            "name": "image",
            "aria-label": "",
            "type": "group",
            "instructions": "",
            "required": 0,
            "conditional_logic": [
                [
                    {
                        "field": "field_63dce40d5a50d",
                        "operator": "==",
                        "value": "image"
                    }
                ]
            ],
            "wrapper": {
                "width": "",
                "class": "",
                "id": ""
            },
            "layout": "block",
            "sub_fields": [
                {
                    "key": "field_63dce56ad7a9d",
                    "label": "Afbeeldingen",
                    "name": "images",
                    "aria-label": "",
                    "type": "post_object",
                    "instructions": "",
                    "required": 1,
                    "conditional_logic": 0,
                    "wrapper": {
                        "width": "",
                        "class": "",
                        "id": ""
                    },
                    "post_type": [
                        "attachment"
                    ],
                    "taxonomy": "",
                    "return_format": "object",
                    "multiple": 1,
                    "allow_null": 1,
                    "ui": 1
                },
                {
                    "key": "field_63dcfe9d38096",
                    "label": "Aantal seconden weergeven",
                    "name": "length",
                    "aria-label": "",
                    "type": "number",
                    "instructions": "",
                    "required": 1,
                    "conditional_logic": 0,
                    "wrapper": {
                        "width": "",
                        "class": "",
                        "id": ""
                    },
                    "default_value": 3,
                    "min": 0,
                    "max": "",
                    "placeholder": "",
                    "step": "",
                    "prepend": "",
                    "append": ""
                }
            ]
        },
        {
            "key": "field_645e95c4e9bfc",
            "label": "Text Dia",
            "name": "textSlide",
            "aria-label": "",
            "type": "group",
            "instructions": "",
            "required": 0,
            "conditional_logic": [
                [
                    {
                        "field": "field_63dce40d5a50d",
                        "operator": "==",
                        "value": "textSlide"
                    }
                ]
            ],
            "wrapper": {
                "width": "",
                "class": "",
                "id": ""
            },
            "layout": "block",
            "sub_fields": [
                {
                    "key": "field_645e9645e9bff",
                    "label": "Titel",
                    "name": "title",
                    "aria-label": "",
                    "type": "text",
                    "instructions": "",
                    "required": 0,
                    "conditional_logic": 0,
                    "wrapper": {
                        "width": "",
                        "class": "",
                        "id": ""
                    },
                    "default_value": "",
                    "maxlength": "",
                    "placeholder": "",
                    "prepend": "",
                    "append": ""
                },
                {
                    "key": "field_645e9654e9c00",
                    "label": "Tekst",
                    "name": "text",
                    "aria-label": "",
                    "type": "wysiwyg",
                    "instructions": "",
                    "required": 0,
                    "conditional_logic": 0,
                    "wrapper": {
                        "width": "",
                        "class": "",
                        "id": ""
                    },
                    "default_value": "",
                    "tabs": "all",
                    "toolbar": "full",
                    "media_upload": 1,
                    "delay": 0
                },
                {
                    "key": "field_645e966de9c01",
                    "label": "Achtergrond Afbeelding",
                    "name": "backgroundImage",
                    "aria-label": "",
                    "type": "image",
                    "instructions": "",
                    "required": 1,
                    "conditional_logic": 0,
                    "wrapper": {
                        "width": "",
                        "class": "",
                        "id": ""
                    },
                    "return_format": "array",
                    "library": "all",
                    "min_width": "",
                    "min_height": "",
                    "min_size": "",
                    "max_width": "",
                    "max_height": "",
                    "max_size": "",
                    "mime_types": "",
                    "preview_size": "medium"
                },
                {
                    "key": "field_645e9607e9bfe",
                    "label": "Lengte",
                    "name": "length",
                    "aria-label": "",
                    "type": "number",
                    "instructions": "",
                    "required": 1,
                    "conditional_logic": 0,
                    "wrapper": {
                        "width": "",
                        "class": "",
                        "id": ""
                    },
                    "default_value": "",
                    "min": 1,
                    "max": "",
                    "placeholder": "",
                    "step": "",
                    "prepend": "",
                    "append": "Seconden"
                },
                {
                    "key": "field_645e96f0f1d9c",
                    "label": "Category weergeven",
                    "name": "showCategory",
                    "aria-label": "",
                    "type": "true_false",
                    "instructions": "",
                    "required": 0,
                    "conditional_logic": 0,
                    "wrapper": {
                        "width": "",
                        "class": "",
                        "id": ""
                    },
                    "message": "",
                    "default_value": 0,
                    "ui": 0,
                    "ui_on_text": "",
                    "ui_off_text": ""
                },
                {
                    "key": "field_645e970cf1d9d",
                    "label": "Categorie",
                    "name": "category",
                    "aria-label": "",
                    "type": "group",
                    "instructions": "",
                    "required": 0,
                    "conditional_logic": [
                        [
                            {
                                "field": "field_645e96f0f1d9c",
                                "operator": "==",
                                "value": "1"
                            }
                        ]
                    ],
                    "wrapper": {
                        "width": "",
                        "class": "",
                        "id": ""
                    },
                    "layout": "block",
                    "sub_fields": [
                        {
                            "key": "field_645e9721f1d9e",
                            "label": "Icon",
                            "name": "icon",
                            "aria-label": "",
                            "type": "text",
                            "instructions": "",
                            "required": 1,
                            "conditional_logic": 0,
                            "wrapper": {
                                "width": "",
                                "class": "",
                                "id": ""
                            },
                            "default_value": "",
                            "maxlength": "",
                            "placeholder": "",
                            "prepend": "",
                            "append": ""
                        },
                        {
                            "key": "field_645e9729f1d9f",
                            "label": "Tekst",
                            "name": "text",
                            "aria-label": "",
                            "type": "text",
                            "instructions": "",
                            "required": 1,
                            "conditional_logic": 0,
                            "wrapper": {
                                "width": "",
                                "class": "",
                                "id": ""
                            },
                            "default_value": "",
                            "maxlength": "",
                            "placeholder": "",
                            "prepend": "",
                            "append": ""
                        }
                    ]
                }
            ]
        },
        {
            "key": "field_6470b5c4b160a",
            "label": "Beperkt weergeven op deze tijden\/dagen",
            "name": "hasTimespan",
            "aria-label": "",
            "type": "true_false",
            "instructions": "",
            "required": 0,
            "conditional_logic": 0,
            "wrapper": {
                "width": "",
                "class": "",
                "id": ""
            },
            "message": "",
            "default_value": 0,
            "ui": 0,
            "ui_on_text": "",
            "ui_off_text": ""
        },
        {
            "key": "field_6470b60eb160b",
            "label": "",
            "name": "timespan",
            "aria-label": "",
            "type": "group",
            "instructions": "",
            "required": 0,
            "conditional_logic": [
                [
                    {
                        "field": "field_6470b5c4b160a",
                        "operator": "==",
                        "value": "1"
                    }
                ]
            ],
            "wrapper": {
                "width": "",
                "class": "",
                "id": ""
            },
            "layout": "block",
            "sub_fields": [
                {
                    "key": "field_6470b61cb160c",
                    "label": "Dagen",
                    "name": "days",
                    "aria-label": "",
                    "type": "checkbox",
                    "instructions": "",
                    "required": 0,
                    "conditional_logic": 0,
                    "wrapper": {
                        "width": "",
                        "class": "",
                        "id": ""
                    },
                    "choices": [
                        "Zondag",
                        "Maandag",
                        "Dinsdag",
                        "Woensdag",
                        "Donderdag",
                        "Vrijdag",
                        "Zaterdag"
                    ],
                    "default_value": [],
                    "return_format": "value",
                    "allow_custom": 0,
                    "layout": "vertical",
                    "toggle": 1,
                    "save_custom": 0
                },
                {
                    "key": "field_6470fabe043ae",
                    "label": "Uren",
                    "name": "hours",
                    "aria-label": "",
                    "type": "checkbox",
                    "instructions": "",
                    "required": 0,
                    "conditional_logic": 0,
                    "wrapper": {
                        "width": "",
                        "class": "",
                        "id": ""
                    },
                    "choices": [
                        "0",
                        "1",
                        "2",
                        "3",
                        "4",
                        "5",
                        "6",
                        "7",
                        "8",
                        "9",
                        "10",
                        "11",
                        "12",
                        "13",
                        "14",
                        "15",
                        "16",
                        "17",
                        "18",
                        "19",
                        "20",
                        "21",
                        "22",
                        "23"
                    ],
                    "default_value": [],
                    "return_format": "value",
                    "allow_custom": 0,
                    "layout": "vertical",
                    "toggle": 1,
                    "save_custom": 0
                }
            ]
        }
    ],
    "location": [
        [
            {
                "param": "post_type",
                "operator": "==",
                "value": "slide"
            }
        ]
    ],
    "menu_order": 0,
    "position": "normal",
    "style": "default",
    "label_placement": "top",
    "instruction_placement": "label",
    "hide_on_screen": [
        "permalink",
        "slug"
    ],
    "active": true,
    "description": "",
    "show_in_rest": 1,
    "modified": 1685134665
}