{
    "key": "group_63daae1d55831",
    "title": "Kabelkrant Posts",
    "fields": [
        {
            "key": "field_63daae2e861d2",
            "label": "Weergeven op kabelkrant",
            "name": "show_on_tv",
            "aria-label": "",
            "type": "true_false",
            "instructions": "",
            "required": 0,
            "conditional_logic": 0,
            "wrapper": {
                "width": "",
                "class": "",
                "id": ""
            },
            "message": "",
            "default_value": 0,
            "ui": 0,
            "ui_on_text": "",
            "ui_off_text": ""
        },
        {
            "key": "field_63db07d61a491",
            "label": "Instellingen",
            "name": "tv_settings",
            "aria-label": "",
            "type": "group",
            "instructions": "",
            "required": 0,
            "conditional_logic": [
                [
                    {
                        "field": "field_63daae2e861d2",
                        "operator": "==",
                        "value": "1"
                    }
                ]
            ],
            "wrapper": {
                "width": "",
                "class": "",
                "id": ""
            },
            "layout": "block",
            "sub_fields": [
                {
                    "key": "field_6474bd77ab7c0",
                    "label": "Titel",
                    "name": "title",
                    "aria-label": "",
                    "type": "text",
                    "instructions": "Laat leeg om berichttitel te gebruiken",
                    "required": 0,
                    "conditional_logic": 0,
                    "wrapper": {
                        "width": "",
                        "class": "",
                        "id": ""
                    },
                    "default_value": "",
                    "maxlength": "",
                    "placeholder": "",
                    "prepend": "",
                    "append": ""
                },
                {
                    "key": "field_63daae1d861d1",
                    "label": "Kabelkrant tekst",
                    "name": "text",
                    "aria-label": "",
                    "type": "wysiwyg",
                    "instructions": "",
                    "required": 0,
                    "conditional_logic": 0,
                    "wrapper": {
                        "width": "",
                        "class": "",
                        "id": ""
                    },
                    "default_value": "",
                    "tabs": "all",
                    "toolbar": "full",
                    "media_upload": 1,
                    "delay": 0
                },
                {
                    "key": "field_640c81d36ab18",
                    "label": "Lengte tekst",
                    "name": "length",
                    "aria-label": "",
                    "type": "number",
                    "instructions": "",
                    "required": 0,
                    "conditional_logic": 0,
                    "wrapper": {
                        "width": "",
                        "class": "",
                        "id": ""
                    },
                    "default_value": "",
                    "min": "",
                    "max": "",
                    "placeholder": "",
                    "step": "",
                    "prepend": "",
                    "append": "Seconden"
                },
                {
                    "key": "field_63db08021a492",
                    "label": "Categorie",
                    "name": "category",
                    "aria-label": "",
                    "type": "relationship",
                    "instructions": "",
                    "required": 0,
                    "conditional_logic": 0,
                    "wrapper": {
                        "width": "",
                        "class": "",
                        "id": ""
                    },
                    "post_type": [
                        "kabelkrant-categorie"
                    ],
                    "post_status": [
                        "publish"
                    ],
                    "taxonomy": "",
                    "filters": [
                        "search"
                    ],
                    "return_format": "object",
                    "min": "",
                    "max": "",
                    "elements": "",
                    "bidirectional": 0,
                    "bidirectional_target": []
                },
                {
                    "key": "field_640c816c9818c",
                    "label": "Afbeeldingen",
                    "name": "image",
                    "aria-label": "",
                    "type": "image",
                    "instructions": "",
                    "required": 0,
                    "conditional_logic": [
                        [
                            {
                                "field": "field_63daae2e861d2",
                                "operator": "!=",
                                "value": "1"
                            }
                        ]
                    ],
                    "wrapper": {
                        "width": "",
                        "class": "",
                        "id": ""
                    },
                    "return_format": "id",
                    "library": "all",
                    "min_width": "",
                    "min_height": "",
                    "min_size": "",
                    "max_width": "",
                    "max_height": "",
                    "max_size": "",
                    "mime_types": "",
                    "preview_size": "medium"
                },
                {
                    "key": "field_6479f9e517c54",
                    "label": "Afbeeldingen",
                    "name": "images",
                    "aria-label": "",
                    "type": "relationship",
                    "instructions": "",
                    "required": 0,
                    "conditional_logic": 0,
                    "wrapper": {
                        "width": "",
                        "class": "",
                        "id": ""
                    },
                    "post_type": [
                        "attachment"
                    ],
                    "post_status": "",
                    "taxonomy": "",
                    "filters": [
                        "search",
                        "post_type",
                        "taxonomy"
                    ],
                    "return_format": "object",
                    "min": "",
                    "max": "",
                    "elements": [
                        "featured_image"
                    ],
                    "bidirectional": 0,
                    "bidirectional_target": []
                },
                {
                    "key": "field_6470b95799973",
                    "label": "Lengte afbeelding",
                    "name": "imageLength",
                    "aria-label": "",
                    "type": "number",
                    "instructions": "",
                    "required": 0,
                    "conditional_logic": 0,
                    "wrapper": {
                        "width": "",
                        "class": "",
                        "id": ""
                    },
                    "default_value": "",
                    "min": "",
                    "max": "",
                    "placeholder": "",
                    "step": "",
                    "prepend": "",
                    "append": "Seconden"
                },
                {
                    "key": "field_6479fdab9f850",
                    "label": "Titel alleen op eerste afbeelding weergeven",
                    "name": "titleOnlyFirstImage",
                    "aria-label": "",
                    "type": "true_false",
                    "instructions": "",
                    "required": 0,
                    "conditional_logic": 0,
                    "wrapper": {
                        "width": "",
                        "class": "",
                        "id": ""
                    },
                    "message": "",
                    "default_value": 0,
                    "ui": 0,
                    "ui_on_text": "",
                    "ui_off_text": ""
                },
                {
                    "key": "field_63e656765ad90",
                    "label": "Einddatum",
                    "name": "end_date",
                    "aria-label": "",
                    "type": "date_time_picker",
                    "instructions": "",
                    "required": 0,
                    "conditional_logic": 0,
                    "wrapper": {
                        "width": "",
                        "class": "",
                        "id": ""
                    },
                    "display_format": "Y-m-d H:i:s",
                    "return_format": "Y-m-d H:i:s",
                    "first_day": 1,
                    "default_value": "20240816"
                }
            ]
        }
    ],
    "location": [
        [
            {
                "param": "post_type",
                "operator": "==",
                "value": "post"
            }
        ]
    ],
    "menu_order": 0,
    "position": "normal",
    "style": "default",
    "label_placement": "top",
    "instruction_placement": "label",
    "hide_on_screen": "",
    "active": true,
    "description": "",
    "show_in_rest": 1,
    "modified": 1723227404
}
