{
    "key": "post_type_66b659340f191",
    "title": "Kabelkrant Categorieën",
    "menu_order": 0,
    "active": true,
    "post_type": "kabelkrant-categorie",
    "advanced_configuration": true,
    "import_source": "",
    "import_date": "",
    "labels": {
        "name": "Kabelkrant Categorieën",
        "singular_name": "Kabelkrant categorie",
        "menu_name": "Kabelkrant Categorieën",
        "all_items": "Alle Kabelkrant Categorieën",
        "edit_item": "Kabelkrant categorie bewerken",
        "view_item": "Kabelkrant categorie bekijken",
        "view_items": "Kabelkrant Categorieën bekijken",
        "add_new_item": "Nieuwe Kabelkrant categorie toevoegen",
        "add_new": "Nieuwe Kabelkrant categorie toevoegen",
        "new_item": "Nieuw Kabelkrant categorie",
        "parent_item_colon": "Hoofd Kabelkrant categorie:",
        "search_items": "Kabelkrant Categorieën zoeken",
        "not_found": "Geen kabelkrant categorieën gevonden",
        "not_found_in_trash": "Geen kabelkrant categorieën gevonden in de prullenbak",
        "archives": "Kabelkrant categorie archieven",
        "attributes": "Kabelkrant categorie attributen",
        "featured_image": "",
        "set_featured_image": "",
        "remove_featured_image": "",
        "use_featured_image": "",
        "insert_into_item": "Invoegen in kabelkrant categorie",
        "uploaded_to_this_item": "Geüpload naar deze kabelkrant categorie",
        "filter_items_list": "Filter kabelkrant categorieën lijst",
        "filter_by_date": "Filter kabelkrant categorieën op datum",
        "items_list_navigation": "Kabelkrant Categorieën lijst navigatie",
        "items_list": "Kabelkrant Categorieën lijst",
        "item_published": "Kabelkrant categorie gepubliceerd.",
        "item_published_privately": "Kabelkrant categorie privé gepubliceerd.",
        "item_reverted_to_draft": "Kabelkrant categorie teruggezet naar het concept.",
        "item_scheduled": "Kabelkrant categorie gepland.",
        "item_updated": "Kabelkrant categorie geüpdatet.",
        "item_link": "Kabelkrant categorie link",
        "item_link_description": "Een link naar een kabelkrant categorie."
    },
    "description": "",
    "public": true,
    "hierarchical": false,
    "exclude_from_search": false,
    "publicly_queryable": true,
    "show_ui": true,
    "show_in_menu": true,
    "admin_menu_parent": "",
    "show_in_admin_bar": true,
    "show_in_nav_menus": true,
    "show_in_rest": true,
    "rest_base": "",
    "rest_namespace": "wp\/v2",
    "rest_controller_class": "WP_REST_Posts_Controller",
    "menu_position": "",
    "menu_icon": {
        "type": "dashicons",
        "value": "dashicons-index-card"
    },
    "rename_capabilities": false,
    "singular_capability_name": "post",
    "plural_capability_name": "posts",
    "supports": [
        "title"
    ],
    "taxonomies": "",
    "has_archive": false,
    "has_archive_slug": "",
    "rewrite": {
        "permalink_rewrite": "post_type_key",
        "with_front": "1",
        "feeds": "0",
        "pages": "1"
    },
    "query_var": "post_type_key",
    "query_var_name": "",
    "can_export": true,
    "delete_with_user": false,
    "register_meta_box_cb": "",
    "enter_title_here": "",
    "modified": 1723227569
}
